<annotation>
	<folder>images</folder>
	<filename>img1.jpg</filename>
	<path>D:\train\images\img1.jpg</path>
	<source>
		<database>Unknown</database>
	</source>
	<size>
		<width>800</width>
		<height>800</height>
		<depth>3</depth>
	</size>
	<segmented>0</segmented>
	<object>
		<name>lime</name>
		<pose>Unspecified</pose>
		<truncated>0</truncated>
		<difficult>0</difficult>
		<bndbox>
			<xmin>212</xmin>
			<ymin>106</ymin>
			<xmax>560</xmax>
			<ymax>432</ymax>
		</bndbox>
	</object>
	<object>
		<name>lime</name>
		<pose>Unspecified</pose>
		<truncated>0</truncated>
		<difficult>0</difficult>
		<bndbox>
			<xmin>419</xmin>
			<ymin>356</ymin>
			<xmax>763</xmax>
			<ymax>680</ymax>
		</bndbox>
	</object>
	<object>
		<name>lime</name>
		<pose>Unspecified</pose>
		<truncated>0</truncated>
		<difficult>0</difficult>
		<bndbox>
			<xmin>109</xmin>
			<ymin>356</ymin>
			<xmax>448</xmax>
			<ymax>671</ymax>
		</bndbox>
	</object>
</annotation>
