<annotation>
	<folder>images</folder>
	<filename>img2.jpg</filename>
	<path>D:\train\images\img2.jpg</path>
	<source>
		<database>Unknown</database>
	</source>
	<size>
		<width>686</width>
		<height>494</height>
		<depth>3</depth>
	</size>
	<segmented>0</segmented>
	<object>
		<name>lime</name>
		<pose>Unspecified</pose>
		<truncated>0</truncated>
		<difficult>0</difficult>
		<bndbox>
			<xmin>149</xmin>
			<ymin>61</ymin>
			<xmax>512</xmax>
			<ymax>432</ymax>
		</bndbox>
	</object>
</annotation>
