<annotation>
	<folder>images</folder>
	<filename>img3.jpg</filename>
	<path>D:\train\images\img3.jpg</path>
	<source>
		<database>Unknown</database>
	</source>
	<size>
		<width>1280</width>
		<height>720</height>
		<depth>3</depth>
	</size>
	<segmented>0</segmented>
	<object>
		<name>lime</name>
		<pose>Unspecified</pose>
		<truncated>0</truncated>
		<difficult>0</difficult>
		<bndbox>
			<xmin>862</xmin>
			<ymin>271</ymin>
			<xmax>1134</xmax>
			<ymax>544</ymax>
		</bndbox>
	</object>
</annotation>
