<annotation>
	<folder>images</folder>
	<filename>img4.jpg</filename>
	<path>D:\train\images\img4.jpg</path>
	<source>
		<database>Unknown</database>
	</source>
	<size>
		<width>722</width>
		<height>720</height>
		<depth>3</depth>
	</size>
	<segmented>0</segmented>
	<object>
		<name>lime</name>
		<pose>Unspecified</pose>
		<truncated>1</truncated>
		<difficult>0</difficult>
		<bndbox>
			<xmin>1</xmin>
			<ymin>13</ymin>
			<xmax>454</xmax>
			<ymax>467</ymax>
		</bndbox>
	</object>
	<object>
		<name>lime</name>
		<pose>Unspecified</pose>
		<truncated>1</truncated>
		<difficult>0</difficult>
		<bndbox>
			<xmin>261</xmin>
			<ymin>369</ymin>
			<xmax>673</xmax>
			<ymax>720</ymax>
		</bndbox>
	</object>
</annotation>
