<annotation>
	<folder>images</folder>
	<filename>img5.jpg</filename>
	<path>D:\train\images\img5.jpg</path>
	<source>
		<database>Unknown</database>
	</source>
	<size>
		<width>600</width>
		<height>600</height>
		<depth>3</depth>
	</size>
	<segmented>0</segmented>
	<object>
		<name>nappacabbage</name>
		<pose>Unspecified</pose>
		<truncated>0</truncated>
		<difficult>0</difficult>
		<bndbox>
			<xmin>159</xmin>
			<ymin>16</ymin>
			<xmax>429</xmax>
			<ymax>587</ymax>
		</bndbox>
	</object>
</annotation>
