<annotation>
	<folder>images</folder>
	<filename>img6.jpg</filename>
	<path>D:\train\images\img6.jpg</path>
	<source>
		<database>Unknown</database>
	</source>
	<size>
		<width>500</width>
		<height>500</height>
		<depth>3</depth>
	</size>
	<segmented>0</segmented>
	<object>
		<name>nappacabbage</name>
		<pose>Unspecified</pose>
		<truncated>0</truncated>
		<difficult>0</difficult>
		<bndbox>
			<xmin>56</xmin>
			<ymin>39</ymin>
			<xmax>480</xmax>
			<ymax>467</ymax>
		</bndbox>
	</object>
</annotation>
