<annotation>
	<folder>images</folder>
	<filename>img7.jpeg</filename>
	<path>D:\train\images\img7.jpeg</path>
	<source>
		<database>Unknown</database>
	</source>
	<size>
		<width>394</width>
		<height>400</height>
		<depth>3</depth>
	</size>
	<segmented>0</segmented>
	<object>
		<name>nappacabbage</name>
		<pose>Unspecified</pose>
		<truncated>0</truncated>
		<difficult>0</difficult>
		<bndbox>
			<xmin>27</xmin>
			<ymin>10</ymin>
			<xmax>363</xmax>
			<ymax>391</ymax>
		</bndbox>
	</object>
</annotation>
