<annotation>
	<folder>images</folder>
	<filename>img8.jpg</filename>
	<path>D:\train\images\img8.jpg</path>
	<source>
		<database>Unknown</database>
	</source>
	<size>
		<width>540</width>
		<height>540</height>
		<depth>3</depth>
	</size>
	<segmented>0</segmented>
	<object>
		<name>nappacabbage</name>
		<pose>Unspecified</pose>
		<truncated>0</truncated>
		<difficult>0</difficult>
		<bndbox>
			<xmin>100</xmin>
			<ymin>6</ymin>
			<xmax>444</xmax>
			<ymax>532</ymax>
		</bndbox>
	</object>
</annotation>
