<annotation>
	<folder>images</folder>
	<filename>img9.jpg</filename>
	<path>D:\train\images\img9.jpg</path>
	<source>
		<database>Unknown</database>
	</source>
	<size>
		<width>512</width>
		<height>310</height>
		<depth>3</depth>
	</size>
	<segmented>0</segmented>
	<object>
		<name>nappacabbage</name>
		<pose>Unspecified</pose>
		<truncated>0</truncated>
		<difficult>0</difficult>
		<bndbox>
			<xmin>12</xmin>
			<ymin>11</ymin>
			<xmax>456</xmax>
			<ymax>280</ymax>
		</bndbox>
	</object>
</annotation>
